Profil,Pourcentage d'élèves (%)
4,44.21906693711968
2,33.46855983772819
1,11.561866125760648
0,9.939148073022313
3,0.8113590263691683
