Profil,Pourcentage d'élèves (%)
2,44.62474645030426
0,35.699797160243406
1,11.359026369168356
4,7.505070993914807
3,0.8113590263691683
